date,stato,ticker,price,market_cap,peg,peg_prospettico,crescita_eps_attesa,revisione_stime_90g,score,revenue_growth_qoq_yoy,pct_of_52w_high,criteri_nuovi
2026-10-10,passed,FIGS,15.78,2621692928,,7.42113292452829,0.05578947368421061,0.18653882074590622,8,0.288,0.9027459954233409,
2026-10-10,passed,MEOH,62.1,4804320768,,,-0.3620353629535671,0.14812550397310642,7,0.752,0.9303370786516855,"settore,debito_ebitda"
2026-10-10,passed,ANIM.MI,7.26,2361066752,,,-0.06443216585232192,0.0172285388014497,7,0.602,0.9465449804432855,"universo_europa,settore"
2026-10-10,passed,PAYS,15.37,867823360,,0.9796812648000003,0.2551020408163265,0.40838619552522504,7,0.481,0.9948220064724919,liquidita_cassa_netta
2026-10-10,passed,IDR.MC,59.9,10483539968,,0.955123797078046,0.1914732630047289,0.015143344181001162,7,0.449,0.9055177626606197,
2026-10-10,passed,GLBE,40.39,6784202752,,0.7841340099104166,0.25733040201005,0.04362356621480701,7,0.391,0.9181632189133894,
2026-10-10,passed,COHU,68.19,3228007680,,0.3914935531380753,0.9434210526315789,0.24867270403159814,7,0.384,0.9005546751188589,
2026-10-10,passed,KRP,15.24,1958510720,,,-0.040369690589101115,0.1976744186046513,7,0.378,0.9645569620253164,"settore,debito_ebitda"
2026-10-10,passed,CORT,121.19,13100445696,,0.26274899445061045,1.0476744186046512,1.7009202453987733,7,0.317,0.9589333755341035,
2026-10-10,passed,AOUT,16.5,208250208,,,-0.03749999999999998,0.22222222222222232,7,0.254,0.9327830855333823,
2026-10-10,passed,INSW,119.82,5934841856,,,-0.4381434123214396,0.48472838034203947,6,1.401,0.9761351175647295,settore
2026-10-10,passed,LPG,57.64,2465993728,,,-0.47027797484682354,0.3643421926910302,6,1.24,0.9611472402868101,settore
2026-10-10,passed,ETON,55.21,1578074880,,0.2538891101694915,0.842857142857143,0.37234042553191493,6,0.986,0.8318517402440861,
2026-10-10,passed,NAT,8.47,1793528064,,,-0.41666666666666663,0.5423728813559323,6,0.975,0.9724454649827784,"settore,debito_ebitda"
2026-10-10,passed,FRO,56.1,12489144320,,,-0.4538353341245752,0.29594455997597446,6,0.965,0.9866338374956033,"settore,debito_ebitda"
2026-10-10,passed,DHT,24.64,3972844288,,,-0.3867115070432541,0.4365719596998139,6,0.955,0.9828480255285201,"settore,debito_ebitda"
2026-10-10,passed,CHRD,141.54,7741936640,,,-0.21983200125606528,0.12993984742578402,6,0.841,0.9011842607920539,"settore,debito_ebitda"
2026-10-10,passed,ERO,37.61,3922822144,,0.4264239997508307,0.18056388722255545,0.03797468354430378,6,0.739,0.9211364192995347,"settore,debito_ebitda"
2026-10-10,passed,MILDEF.ST,220.9,10403262464,,1.9258664767878901,0.39416361889537477,0.20632704765719256,6,0.645,0.8769352917824533,"universo_europa,debito_ebitda"
2026-10-10,passed,TNK,106.14,3680946944,,,-0.4173831335814986,0.2600988272010105,6,0.63,0.9883601825123383,settore
2026-10-10,passed,RFX.L,632.0,206441424,,,-0.32089552238805974,0.23641304347826098,6,0.623,0.9294117647058824,universo_europa
2026-10-10,passed,ASC,19.28,787624128,,,-0.21763085399449034,2.3216374269005846,6,0.613,0.9625561657513729,
2026-10-10,passed,DLO,15.23,4481718784,,0.3892912368488217,0.3420595620849076,0.03576215315511111,6,0.558,0.9076281287246722,
2026-10-10,passed,KNSA,79.78,6224755712,,1.2411175483695656,0.3974082073434124,-0.07965860597439556,6,0.554,0.9619001687967206,
2026-10-10,passed,AII,26.77,524562656,,,-0.16458888232821856,0.07581507934136211,6,0.546,0.977007299270073,settore
2026-10-10,passed,CGAU,22.54,4408993792,,0.5965482050793655,0.19949335022165915,-0.058643432621434566,6,0.535,0.9192495921696574,settore
2026-10-10,passed,SCT.L,1872.0,4026420480,,3.5998443476126343,0.06018848013350686,0.04351659500458971,6,0.535,0.8772258669165885,universo_europa
2026-10-10,passed,CDNA,63.67,3293917952,,6.451999835791421,0.07649812655946198,0.13756613756613767,6,0.522,0.8780857812715487,
2026-10-10,passed,MSAB-B.ST,85.8,1584589056,,0.9271686865024633,0.29377713458755417,0.10506798516687255,6,0.522,0.8755102040816326,universo_europa
2026-10-10,passed,HALO,110.42,12532449280,,0.4716763865047768,0.22017303170411795,0.07479578314044644,6,0.477,0.944972186563971,debito_ebitda
2026-10-10,passed,HTFL,49.74,4325073408,,,,,6,0.476,0.9156848306332843,
2026-10-10,passed,HAFN,10.72,5738750464,,,-0.4817518248175183,0.109375,6,0.472,0.9839375860486462,debito_ebitda
2026-10-10,passed,BPT.L,401.8,3993605888,,1.934665829738061,0.06668950162699083,0.05591157223747989,6,0.454,0.9980129160457029,"universo_europa,settore"
2026-10-10,passed,BSL.DE,22.45,690506560,,1.03158735395189,0.18707142857142856,0.25089247311827956,6,0.437,0.7037617554858935,universo_europa
2026-10-10,passed,OMDA,21.55,1319219968,,1.4062481761278507,0.27555045871559636,0.16718435191403613,6,0.431,0.8006687720601895,
2026-10-10,passed,PAX.ST,66.3,1543027584,,0.11628391550561798,1.390625,0.11138014527845042,6,0.403,0.9444444444444444,universo_europa
2026-10-10,passed,IESC,297.52,12616278016,,,0.16767502160760572,0.21711711711711712,6,0.396,0.7287602111425456,
2026-10-10,passed,CKN.L,5405.0,1660807040,,,-0.035986613504987885,0.07093354205208491,6,0.389,0.9854147675478578,universo_europa
2026-10-10,passed,JUP.L,173.6,858826944,,4.894510803112379,0.0221413986727923,0.03588980858768753,6,0.386,0.8093240093240093,"universo_europa,settore"
2026-10-10,passed,F3C.DE,19.6,341000352,,1.0041968705384667,0.17955423412474492,0.13973116926690143,6,0.379,0.791919191919192,universo_europa
2026-10-10,passed,ONTO,294.53,14453837824,,0.5684652679402673,0.44295012237486175,0.1761316731739737,6,0.353,0.7621228587693422,
2026-10-10,passed,DSP,13.13,873457728,,0.5452610791938372,0.3063639536623066,0.10704225352112684,6,0.339,0.8871621621621621,
2026-10-10,passed,LGND,301.81,6016765952,,0.8888035114285927,0.2841637400757404,0.05594313521557126,6,0.337,0.9240118788843646,
2026-10-10,passed,FORM,139.67,10887942144,,1.5437037783633902,0.23892155034498996,0.3567039856695031,6,0.319,0.8714668996069131,
2026-10-10,passed,HRMY,40.28,2345761792,,0.1684210280162433,0.3414393124025694,0.16362410064472832,6,0.303,0.9261899287192458,
2026-10-10,passed,FROG,102.23,12605093888,,5.308940961005824,0.1681749084342512,0.020198870217581266,6,0.287,0.9666225416036308,
2026-10-10,passed,KNOS.L,1237.0,1427271808,,1.867227266420168,0.11341110094541018,0.04065417230813084,6,0.276,0.9559505409582689,"universo_europa,liquidita_cassa_netta"
2026-10-10,passed,CMCX.L,678.0,1828594688,,1.015662566138613,0.10155857214680752,1.0566976438561908,6,0.264,0.8614993646759848,"universo_europa,settore"
2026-10-10,passed,CRL.MI,27.15,3054180864,,3.649181608641493,0.08042921714418694,0.11329471013669568,6,0.255,0.8252279635258358,universo_europa
2026-10-10,passed,INTT,14.55,186615184,,0.42375800942999986,0.49285362247412534,0.10001105268975108,6,0.255,0.7275,
2026-10-10,passed,GENC,18.05,264571504,,,-0.07547169811320764,0.02083333333333326,6,0.253,0.8940069341258048,
2026-10-10,passed,PTGX,143.73,9300520960,,,-1.041551824503788,,5,37.492,0.8937876997699147,
2026-10-10,passed,AYA,27.42,3949471488,,,,,5,1.507,0.8940332572546462,settore
2026-10-10,passed,LIFE,36.96,2356549376,,0.2805529587369572,0.5006587014172061,0.3666974840545989,5,1.134,0.8686251468860166,settore
2026-10-10,passed,DMLP,29.75,1460469376,,,,,5,0.731,0.9741322855271775,settore
2026-10-10,passed,HCC,93.07,4914290176,,0.6966224822275203,0.16655854922882685,0.11167523947734259,5,0.713,0.835307844193143,settore
2026-10-10,passed,PENG,76.28,3908793088,,0.9484907221935487,0.1530108588351431,0.34167198468410986,5,0.677,0.8488760293790341,
2026-10-10,passed,WHD,63.43,4423174656,,0.791658838762279,0.2202509736045002,0.038499089336385905,5,0.643,0.8563520993654652,settore
2026-10-10,passed,CRON,3.23,1189973504,,,-0.18834080717488788,,5,0.584,0.8952328159645232,
2026-10-10,passed,APN.L,273.5,683750016,,1.7342380125000025,0.11374407582938373,0.026428782943440865,5,0.565,0.7682584269662921,universo_europa
2026-10-10,passed,HNGE,102.9,8303455744,,1.2266891309631747,0.27437298619881867,-0.09705190908231731,5,0.53,0.9963206816421379,
2026-10-10,passed,NAPA.OL,47.0,5210052096,,,,0.42028985507246386,5,0.523,0.7833333333333333,universo_europa
2026-10-10,passed,GKOS,165.69,9773048832,,,,0.18190834704596148,5,0.495,0.8646800960233796,
2026-10-10,passed,TWFG,24.76,318917056,,12.672698367721042,0.016548707616538483,0.06747678592417783,5,0.451,0.7910543130990416,settore
2026-10-10,passed,SBLK,29.7,3447320320,,,-0.19953536689875584,-0.019179776282365557,5,0.445,0.9032846715328466,debito_ebitda
2026-10-10,passed,BFLY,8.25,2196852736,,,,,5,0.395,0.8080313418217433,
2026-10-10,passed,FSM,10.92,3231854592,,0.25947953159308795,0.24524331306329183,0.024489552238806,5,0.382,0.7884476534296029,settore
2026-10-10,passed,BITTI.HE,35.55,1263699072,,0.9145358090909093,0.4135338345864661,-0.013123359580052618,5,0.372,0.8135011441647596,universo_europa
2026-10-10,passed,KARNEL-B.ST,100.8,5379397120,,,,,5,0.356,0.9333333333333333,"universo_europa,debito_ebitda"
2026-10-10,passed,LEGH,27.81,661406272,,,-0.1553030303030304,,5,0.323,0.887364390555201,
2026-10-10,passed,FPE.MI,61.5,335046336,,0.8133795878645872,0.23894692330582123,0.008541778219740559,5,0.317,0.82,universo_europa
2026-10-10,passed,POLR.L,805.0,758191872,,0.4474401304377257,0.15982690227190766,-0.01912654014395021,5,0.283,0.8131313131313131,"universo_europa,settore"
2026-10-10,passed,FLYW,18.76,2282485504,,0.5011274265014505,0.27788317428999654,0.07430681265400851,5,0.272,0.9508362899138368,
2026-10-10,passed,LFST,12.42,4721514496,,1.455068278958449,0.1981586047676005,0.09882400959159199,5,0.261,0.915929203539823,debito_ebitda
2026-10-10,passed,CR,204.75,11834622976,,2.24582030050325,0.11632766430219643,0.027081607833681076,5,0.256,0.8882863340563991,debito_ebitda
2026-10-10,passed,PLPC,397.25,1942036480,,,0.07460437076111526,0.263064658990257,5,0.254,0.7871168440032495,
2026-10-10,passed,ORNBV.HE,79.6,11173142528,,0.928063903263126,0.1807212729751515,0.02909493039594091,5,0.252,0.9408983451536643,universo_europa
2026-10-10,passed,AKAST.OL,13.7,3737504256,,,-2.666666666666667,,4,0.975,0.8498759305210917,"universo_europa,settore"
2026-10-10,passed,MIPS.ST,405.6,10744799232,,1.1868269339632267,0.3896825364887868,0.03586204103853907,4,0.719,0.9037433155080214,universo_europa
2026-10-10,passed,MAKO,9.36,819991296,,,,,4,0.617,0.8432432432432432,settore
2026-10-10,passed,BTE,4.81,3363151872,,0.7408438186666667,0.234375,0.06756756756756754,4,0.513,0.8973880597014924,settore
2026-10-10,passed,FCH.L,189.2,531439168,,0.3880393531284304,0.3380333951762522,0.06004262511942393,4,0.497,0.750719174685051,"universo_europa,settore"
2026-10-10,passed,SLDE,25.14,2936646656,,,-0.04435462705369797,0.030800588834786646,4,0.479,0.9398130841121496,settore
2026-10-10,passed,IAG,18.8,10734799872,,0.44970962429134653,0.17613792483276458,-0.01970385915821382,4,0.475,0.7559308403699236,settore
2026-10-10,passed,DR0.DE,85.2,403626816,,,-0.6560945273631841,0.17368234877962507,4,0.465,0.7232597623089984,"universo_europa,settore"
2026-10-10,passed,ASIC,25.93,1242745216,,0.8680414271108027,0.11896348120585554,0.013030971755469745,4,0.459,0.8941379310344828,settore
2026-10-10,passed,COFFEE-B.ST,19.54,4361282560,,0.945067379864291,0.14060657772261864,-0.10785443867397948,4,0.375,0.7237037037037036,universo_europa
2026-10-10,passed,NAVN,23.64,6156104192,,1.1218068794980083,0.5264864040273063,0.21655876721072298,4,0.354,0.7655440414507773,
2026-10-10,passed,HITI,2.61,232662224,,0.3537747446808511,0.5696969696969696,0.21028037383177578,4,0.328,0.725,debito_ebitda
2026-10-10,passed,IOND,79.15,3561447424,,0.14143924003021147,2.3812949640287773,,4,0.308,0.8857430617726053,settore
2026-10-10,passed,CHYM,30.08,11387840512,,0.1872387108526631,0.9978294507005929,0.19794592922862808,4,0.268,0.8461322081575247,
2026-10-10,passed,BRZE,29.06,3300763392,,0.5601742098529932,0.5283030614309505,0.013416584963104494,4,0.262,0.778524928336057,
2026-10-10,passed,MNTC.ST,14.85,417667200,,,,-0.2595668409260642,4,0.255,0.825,"universo_europa,liquidita_cassa_netta"
2026-10-10,passed,NMM,93.06,2691835136,,2.2769405488125103,0.021765746156985344,0.09697677815101513,4,0.252,0.9795789473684211,debito_ebitda
2026-10-10,passed,R4.MC,19.5,793517504,,,,,4,0.251,0.9558823529411765,"universo_europa,settore"
2026-10-10,passed,CRED-A.ST,87.0,11811326976,,,,,3,2.896,0.9245483528161531,"universo_europa,settore,liquidita_cassa_netta"
2026-10-10,passed,GIMB.BR,46.35,1705876864,,,,,3,0.652,0.9251497005988024,"universo_europa,settore,debito_ebitda"
2026-10-10,passed,LCLN,24.62,2590156288,,0.48007983958885064,0.2959450768057197,0.012521692385899508,3,0.508,0.8936479128856625,"settore,liquidita_cassa_netta"
2026-10-10,passed,CAI,29.7,8395617280,,0.47217709599759256,1.704102564102564,0.009296983949030668,3,0.454,0.8826151560178306,
2026-10-10,passed,EZPW,31.96,1963730304,,1.6069439482191799,0.08979089790897898,0.033115671641790856,3,0.347,0.860759493670886,"settore,debito_ebitda"
2026-10-10,passed,DAVE,368.42,4699383808,,0.5896276841195739,0.2807512850201068,0.0628899129231284,3,0.296,0.8039716312056738,
2026-10-10,passed,NTSK,20.755,8480238080,,,,,3,0.292,0.8308646917534027,
2026-10-10,passed,SCANFL.HE,12.9,848407232,,1.020365635200001,0.14932059130954145,-0.0192973718045244,3,0.281,0.9375,"universo_europa,debito_ebitda"
2026-10-10,passed,FRHC,169.65,10821576704,,,,,3,0.278,0.9530898876404494,settore
2026-10-10,passed,GRAL,140.58,6279178752,,,,,3,0.257,0.8444511187866047,
2026-10-10,passed,BION.SW,49.15,2710585600,,,,,2,1162.577,0.862280701754386,universo_europa
2026-10-10,passed,RCP.L,2490.0,3073097472,,,,,2,1.484,0.941398865784499,"universo_europa,settore"
2026-10-10,passed,KMTS,26.98,1606977280,,,,,2,0.599,0.8993333333333333,
2026-10-10,passed,TVTX,52.125,4913358848,,0.0397003361752776,2.328502700628671,0.16246443738918903,2,0.482,0.7584024443474465,
2026-10-10,passed,WVIA.L,277.5,291726304,,0.31577484813432855,0.31162790697674403,-0.010526315789473717,2,0.427,0.925,universo_europa
2026-10-10,passed,CBLL,23.63,906874496,,,,,2,0.325,0.9220743746829516,
2026-10-10,passed,JAN,28.15,8745719808,,44.961940009900836,0.033143732224896194,-0.3654899062846393,1,0.454,0.8574474565945781,settore
